D:/ETP trial survey/Jason's Computer/20191120/20191120_3_100m_30km_Whales/錄製_2019_11_20_10_13_54_900.mp4,43472,229,885,235,896,10,240.5996814,15.17067323,2,1
D:/ETP trial survey/Jason's Computer/20191129/20191129_6/錄製_2019_11_29_16_14_59_189.mp4,31677,127,606,141,658,10,28.38828323,1.748959993,1,2
D:/ETP trial survey/Jason's Computer/20191120/20191120_3_100m_30km_Whales/錄製_2019_11_20_10_13_54_900.mp4,44691,88,1325,93,1332,10,273.5090913,17.2457296,2,3
D:/ETP trial survey/Jason's Computer/20191128/20191128_6/錄製_2019_11_28_12_05_07_124.mp4,30440,749,550,758,556,10,0,0,3,4
D:/ETP trial survey/Jason's Computer/20191129/20191129_4/錄製_2019_11_29_13_07_47_434.mp4,58144,749,1580,757,1598,5,208.1155956,12.76559889,2,5
D:/ETP trial survey/Jason's Computer/20191123/20191123_4_BigschoolDolphin/錄製_2019_11_23_16_16_02_506.mp4,33228,291,1816,316,1825,10,117.6924445,8.90699608,2,6
D:/ETP trial survey/Jason's Computer/20191128/20191128_7/錄製_2019_11_28_12_59_28_589.mp4,70513,44,1825,56,1841,10,0,0,3,7
D:/ETP trial survey/Jason's Computer/20191124/20191124_1_BigSchoolDolphin/錄製_2019_11_24_16_10_26_600.mp4,35018,346,1582,361,1589,10,0,0,3,8
D:/ETP trial survey/Jason's Computer/20191129/20191129_6/錄製_2019_11_29_16_14_59_189.mp4,24340,726,1398,750,1435,10,272.4793689,16.90837338,2,9
D:/ETP trial survey/Jason's Computer/20191129/20191129_6/錄製_2019_11_29_16_14_59_189.mp4,27767,771,1959,782,1990,10,0,0,3,10
D:/ETP trial survey/Jason's Computer/20191128/20191128_3_Dolphin/錄製_2019_11_28_09_42_38_725.mp4,39544,403,488,411,515,5,101.0040679,6.399330749,5,11
D:/ETP trial survey/Jason's Computer/20191128/20191128_6/錄製_2019_11_28_12_05_07_124.mp4,44818,744,1030,762,1041,10,0,0,3,12
D:/ETP trial survey/Jason's Computer/20191120/20191120_3_100m_30km_Whales/錄製_2019_11_20_10_13_54_900.mp4,43495,73,1112,80,1122,5,370.2416234,23.34506284,4,13
D:/ETP trial survey/Jason's Computer/20191128/20191128_3_Dolphin/錄製_2019_11_28_09_42_38_725.mp4,51400,228,1166,233,1174,10,296.4383708,22.04118085,4,14
D:/ETP trial survey/Jason's Computer/20191129/20191129_6/錄製_2019_11_29_16_14_59_189.mp4,32137,694,1474,703,1503,10,258.90569,16.05657055,2,15
D:/ETP trial survey/Jason's Computer/20191121/20191121_1/錄製_2019_11_21_07_25_55_214.mp4,57000,442,1503,450,1520,10,517.6789804,32.43865588,4,16
D:/ETP trial survey/Jason's Computer/20191129/20191129_6/錄製_2019_11_29_16_14_59_189.mp4,26341,569,1131,576,1141,10,0,0,3,17
D:/ETP trial survey/Jason's Computer/20191128/20191128_3_Dolphin/錄製_2019_11_28_09_42_38_725.mp4,51832,604,1478,611,1485,5,343.8385587,25.58662121,4,18
D:/ETP trial survey/Jason's Computer/20191129/20191129_6/錄製_2019_11_29_16_14_59_189.mp4,27169,788,1399,798,1414,10,421.8072526,25.95677292,4,19
D:/ETP trial survey/Jason's Computer/20191129/20191129_4/錄製_2019_11_29_13_07_47_434.mp4,59064,759,1580,768,1588,10,162.1424306,9.960079067,2,20
D:/ETP trial survey/Jason's Computer/20191128/20191128_5/錄製_2019_11_28_11_02_40_268.mp4,35120,122,1845,155,1870,10,279.7100702,17.71694949,2,21
D:/ETP trial survey/Jason's Computer/20191123/20191123_4_BigschoolDolphin/錄製_2019_11_23_16_16_02_506.mp4,24553,15,1489,24,1496,0,0,0,3,22
D:/ETP trial survey/Jason's Computer/20191120/20191120_3_100m_30km_Whales/錄製_2019_11_20_10_13_54_900.mp4,45496,654,1706,664,1716,10,172.8800082,10.90070484,2,23
D:/ETP trial survey/Jason's Computer/20191128/20191128_7/錄製_2019_11_28_12_59_28_589.mp4,69085,8,1778,30,1793,10,0,0,3,24
D:/ETP trial survey/Jason's Computer/20191128/20191128_7/錄製_2019_11_28_12_59_28_589.mp4,50465,542,1532,550,1537,10,0,0,3,25
D:/ETP trial survey/Jason's Computer/20191128/20191128_3_Dolphin/錄製_2019_11_28_09_42_38_725.mp4,50152,458,1454,462,1461,5,340.5384007,25.2672565,4,26
D:/ETP trial survey/Jason's Computer/20191129/20191129_4/錄製_2019_11_29_13_07_47_434.mp4,59041,288,1185,319,1201,10,407.0916132,25.01766553,4,27
D:/ETP trial survey/Jason's Computer/20191129/20191129_6/錄製_2019_11_29_16_14_59_189.mp4,24616,307,1309,318,1334,10,0,0,3,28
D:/ETP trial survey/Jason's Computer/20191123/20191123_4_BigschoolDolphin/錄製_2019_11_23_16_16_02_506.mp4,29553,202,1221,206,1230,0,0,0,3,29
D:/ETP trial survey/Jason's Computer/20191128/20191128_3_Dolphin/錄製_2019_11_28_09_42_38_725.mp4,42688,525,737,533,742,6,0,0,3,30
D:/ETP trial survey/Jason's Computer/20191128/20191128_5/錄製_2019_11_28_11_02_40_268.mp4,22044,316,1865,320,1872,10,0,0,3,31
D:/ETP trial survey/Jason's Computer/20191128/20191128_5/錄製_2019_11_28_11_02_40_268.mp4,27728,632,1750,652,1763,10,261.728911,18.01374487,2,32
D:/ETP trial survey/Jason's Computer/20191128/20191128_5/錄製_2019_11_28_11_02_40_268.mp4,15716,232,1875,252,1896,10,0,0,3,33
D:/ETP trial survey/Jason's Computer/20191128/20191128_5/錄製_2019_11_28_11_02_40_268.mp4,2052,246,618,279,672,10,315.3821514,3.880434679,5,34
D:/ETP trial survey/Jason's Computer/20191129/20191129_6/錄製_2019_11_29_16_14_59_189.mp4,25329,585,1195,593,1207,10,71.1200445,4.383064702,5,35
D:/ETP trial survey/Jason's Computer/20191124/20191124_1_BigSchoolDolphin/錄製_2019_11_24_16_10_26_600.mp4,29562,422,51,605,106,0,1350.652926,19.95772999,4,36
D:/ETP trial survey/Jason's Computer/20191128/20191128_6/錄製_2019_11_28_12_05_07_124.mp4,28984,536,641,548,648,0,0,0,3,37
D:/ETP trial survey/Jason's Computer/20191129/20191129_6/錄製_2019_11_29_16_14_59_189.mp4,25030,648,1765,658,1789,10,473.9069353,29.16162724,4,38
D:/ETP trial survey/Jason's Computer/20191128/20191128_6/錄製_2019_11_28_12_05_07_124.mp4,31636,242,1904,247,1915,10,0,0,3,39
D:/ETP trial survey/Jason's Computer/20191128/20191128_6/錄製_2019_11_28_12_05_07_124.mp4,38448,395,1594,412,1611,10,66.23134481,4.167421973,5,40
D:/ETP trial survey/Jason's Computer/20191123/20191123_4_BigschoolDolphin/錄製_2019_11_23_16_16_02_506.mp4,33053,382,732,388,747,0,0,0,3,41
D:/ETP trial survey/Jason's Computer/20191124/20191124_1_BigSchoolDolphin/錄製_2019_11_24_16_10_26_600.mp4,29870,501,841,515,846,0,330.8679352,17.0018314,2,42
D:/ETP trial survey/Jason's Computer/20191128/20191128_3_Dolphin/錄製_2019_11_28_09_42_38_725.mp4,39880,229,269,238,286,5,165.1016274,11.17416572,2,43
D:/ETP trial survey/Jason's Computer/20191128/20191128_5/錄製_2019_11_28_11_02_40_268.mp4,1436,797,1133,816,1141,10,240.0784957,12.76172756,2,44
D:/ETP trial survey/Jason's Computer/20191128/20191128_3_Dolphin/錄製_2019_11_28_09_42_38_725.mp4,38944,113,341,122,357,6,0,0,3,45
D:/ETP trial survey/Jason's Computer/20191120/20191120_3_100m_30km_Whales/錄製_2019_11_20_10_13_54_900.mp4,45542,671,1573,681,1596,10,43.49023557,2.742215403,5,46
D:/ETP trial survey/Jason's Computer/20191120/20191120_3_100m_30km_Whales/錄製_2019_11_20_10_13_54_900.mp4,44622,660,1696,665,1704,5,34.07472254,2.148533522,1,47
D:/ETP trial survey/Jason's Computer/20191129/20191129_6/錄製_2019_11_29_16_14_59_189.mp4,34943,0,838,11,843,5,0,0,3,48
D:/ETP trial survey/Jason's Computer/20191129/20191129_1/錄製_2019_11_29_08_23_34_390.mp4,13793,414,1067,422,1079,10,0,0,3,49
D:/ETP trial survey/Jason's Computer/20191128/20191128_5/錄製_2019_11_28_11_02_40_268.mp4,17396,312,1872,334,1885,10,0,0,3,50
D:/ETP trial survey/Jason's Computer/20191128/20191128_1/錄製_2019_11_28_07_43_03_380.mp4,48158,338,1617,345,1626,10,0,0,3,51
D:/ETP trial survey/Jason's Computer/20191128/20191128_7/錄製_2019_11_28_12_59_28_589.mp4,45957,727,188,742,212,10,0,0,3,52
D:/ETP trial survey/Jason's Computer/20191124/20191124_1_BigSchoolDolphin/錄製_2019_11_24_16_10_26_600.mp4,33830,649,1388,674,1413,0,659.6187102,35.69336633,4,53
D:/ETP trial survey/Jason's Computer/20191129/20191129_1/錄製_2019_11_29_08_23_34_390.mp4,13463,600,114,619,125,10,0,0,3,54
D:/ETP trial survey/Jason's Computer/20191128/20191128_6/錄製_2019_11_28_12_05_07_124.mp4,29244,543,1929,550,1936,0,0,0,3,55
D:/ETP trial survey/Jason's Computer/20191129/20191129_6/錄製_2019_11_29_16_14_59_189.mp4,32252,719,1633,726,1644,10,465.8630748,28.86472698,4,56
D:/ETP trial survey/Jason's Computer/20191128/20191128_6/錄製_2019_11_28_12_05_07_124.mp4,37980,599,1305,604,1317,10,0,0,3,57
D:/ETP trial survey/Jason's Computer/20191129/20191129_4/錄製_2019_11_29_13_07_47_434.mp4,59018,537,1333,552,1358,10,34.26815124,2.107558362,1,58
D:/ETP trial survey/Jason's Computer/20191120/20191120_4/錄製_2019_11_20_11_12_52_295.mp4,21454,218,1859,222,1869,10,0,0,3,59
D:/ETP trial survey/Jason's Computer/20191129/20191129_6/錄製_2019_11_29_16_14_59_189.mp4,24110,427,291,433,301,10,259.1378788,16.04018735,2,60
D:/ETP trial survey/Jason's Computer/20191128/20191128_6/錄製_2019_11_28_12_05_07_124.mp4,36550,892,1912,900,1926,10,325.3209022,20.63559154,4,61
D:/ETP trial survey/Jason's Computer/20191129/20191129_1/錄製_2019_11_29_08_23_34_390.mp4,14145,723,567,742,574,10,531.456033,34.05438507,4,62
D:/ETP trial survey/Jason's Computer/20191128/20191128_7/錄製_2019_11_28_12_59_28_589.mp4,49009,890,1465,900,1473,10,0,0,3,63
D:/ETP trial survey/Jason's Computer/20191128/20191128_3_Dolphin/錄製_2019_11_28_09_42_38_725.mp4,43240,618,697,626,709,10,353.6235376,26.53697531,4,64
D:/ETP trial survey/Jason's Computer/20191129/20191129_6/錄製_2019_11_29_16_14_59_189.mp4,31769,527,1923,544,1954,10,255.090268,15.71422121,2,65
D:/ETP trial survey/Jason's Computer/20191120/20191120_3_100m_30km_Whales/錄製_2019_11_20_10_13_54_900.mp4,45404,740,1519,750,1535,10,192.8007957,12.15678197,2,66
D:/ETP trial survey/Jason's Computer/20191128/20191128_6/錄製_2019_11_28_12_05_07_124.mp4,33482,537,1387,550,1397,0,73.91207404,4.65128868,5,67
D:/ETP trial survey/Jason's Computer/20191129/20191129_6/錄製_2019_11_29_16_14_59_189.mp4,33241,188,1159,196,1164,10,0,0,3,68
D:/ETP trial survey/Jason's Computer/20191124/20191124_1_BigSchoolDolphin/錄製_2019_11_24_16_10_26_600.mp4,30024,550,749,567,760,0,80.36338484,5.11239547,5,69
D:/ETP trial survey/Jason's Computer/20191124/20191124_1_BigSchoolDolphin/錄製_2019_11_24_16_10_26_600.mp4,36976,0,472,13,478,10,0,0,3,70
D:/ETP trial survey/Jason's Computer/20191128/20191128_3_Dolphin/錄製_2019_11_28_09_42_38_725.mp4,50776,437,1358,443,1363,5,0,0,3,71
D:/ETP trial survey/Jason's Computer/20191120/20191120_3_100m_30km_Whales/錄製_2019_11_20_10_13_54_900.mp4,43840,232,608,242,623,10,215.307361,13.57590167,2,72
D:/ETP trial survey/Jason's Computer/20191128/20191128_9/錄製_2019_11_28_16_11_37_783.mp4,19679,748,1192,758,1203,1,0,0,3,73
D:/ETP trial survey/Jason's Computer/20191128/20191128_3_Dolphin/錄製_2019_11_28_09_42_38_725.mp4,43000,673,955,680,960,10,0,0,3,74
D:/ETP trial survey/Jason's Computer/20191123/20191123_4_BigschoolDolphin/錄製_2019_11_23_16_16_02_506.mp4,26778,339,1521,350,1534,0,210.7951749,14.74629466,2,75
D:/ETP trial survey/Jason's Computer/20191129/20191129_6/錄製_2019_11_29_16_14_59_189.mp4,35035,459,1529,472,1539,10,0,0,3,76
D:/ETP trial survey/Jason's Computer/20191128/20191128_3_Dolphin/錄製_2019_11_28_09_42_38_725.mp4,40024,527,1064,532,1076,10,165.9444407,11.81344585,2,77
D:/ETP trial survey/Jason's Computer/20191120/20191120_3_100m_30km_Whales/錄製_2019_11_20_10_13_54_900.mp4,43932,343,714,355,733,5,57.23233585,3.608704134,5,78
D:/ETP trial survey/Jason's Computer/20191121/20191121_1/錄製_2019_11_21_07_25_55_214.mp4,45630,666,1846,680,1852,10,165.0863139,10.23288219,2,79
D:/ETP trial survey/Jason's Computer/20191128/20191128_3_Dolphin/錄製_2019_11_28_09_42_38_725.mp4,39160,479,920,485,928,10,0,0,3,80
D:/ETP trial survey/Jason's Computer/20191129/20191129_6/錄製_2019_11_29_16_14_59_189.mp4,24133,609,897,616,905,10,370.1444834,22.92701334,4,81
D:/ETP trial survey/Jason's Computer/20191129/20191129_6/錄製_2019_11_29_16_14_59_189.mp4,25674,656,989,664,999,10,278.218531,17.19765893,2,82
D:/ETP trial survey/Jason's Computer/20191129/20191129_6/錄製_2019_11_29_16_14_59_189.mp4,31723,90,1258,102,1281,10,213.6643773,13.15932384,2,83
D:/ETP trial survey/Jason's Computer/20191129/20191129_1/錄製_2019_11_29_08_23_34_390.mp4,14365,533,885,543,903,10,278.7018574,17.83877414,2,84
D:/ETP trial survey/Jason's Computer/20191128/20191128_5/錄製_2019_11_28_11_02_40_268.mp4,33272,60,1792,68,1799,10,0,0,3,85
D:/ETP trial survey/Jason's Computer/20191124/20191124_1_BigSchoolDolphin/錄製_2019_11_24_16_10_26_600.mp4,28352,472,1086,488,1104,10,86.88837321,5.533753436,5,86
D:/ETP trial survey/Jason's Computer/20191128/20191128_3_Dolphin/錄製_2019_11_28_09_42_38_725.mp4,50608,591,1385,595,1392,10,237.7327131,17.64224586,2,87
D:/ETP trial survey/Jason's Computer/20191124/20191124_1_BigSchoolDolphin/錄製_2019_11_24_16_10_26_600.mp4,28968,489,1147,497,1163,0,100.9327285,6.427097155,5,88
D:/ETP trial survey/Jason's Computer/20191123/20191123_4_BigschoolDolphin/錄製_2019_11_23_16_16_02_506.mp4,28153,186,520,196,528,0,0,0,3,89
D:/ETP trial survey/Jason's Computer/20191128/20191128_5/錄製_2019_11_28_11_02_40_268.mp4,35596,5,1968,24,1985,10,179.9155948,11.31548783,2,90
D:/ETP trial survey/Jason's Computer/20191120/20191120_3_100m_30km_Whales/錄製_2019_11_20_10_13_54_900.mp4,45519,818,1719,823,1730,10,258.6526071,16.30897496,2,91
D:/ETP trial survey/Jason's Computer/20191128/20191128_5/錄製_2019_11_28_11_02_40_268.mp4,34588,149,1617,157,1625,10,0,0,3,92
D:/ETP trial survey/Jason's Computer/20191129/20191129_6/錄製_2019_11_29_16_14_59_189.mp4,31608,460,999,466,1011,10,0,0,3,93
D:/ETP trial survey/Jason's Computer/20191129/20191129_4/錄製_2019_11_29_13_07_47_434.mp4,59018,129,1171,146,1180,10,0,0,3,94
D:/ETP trial survey/Jason's Computer/20191128/20191128_5/錄製_2019_11_28_11_02_40_268.mp4,34700,153,1808,180,1837,10,83.51407844,5.256826918,5,95
D:/ETP trial survey/Jason's Computer/20191128/20191128_6/錄製_2019_11_28_12_05_07_124.mp4,18246,417,1035,434,1048,10,163.8507423,10.50674693,2,96
D:/ETP trial survey/Jason's Computer/20191129/20191129_1/錄製_2019_11_29_08_23_34_390.mp4,15069,458,659,471,672,10,403.2873483,25.83903935,4,97
D:/ETP trial survey/Jason's Computer/20191128/20191128_5/錄製_2019_11_28_11_02_40_268.mp4,21680,461,1893,478,1907,10,115.5016958,8.599131785,2,98
D:/ETP trial survey/Jason's Computer/20191123/20191123_4_BigschoolDolphin/錄製_2019_11_23_16_16_02_506.mp4,22103,275,1405,284,1415,0,0,0,3,99
D:/ETP trial survey/Jason's Computer/20191124/20191124_1_BigSchoolDolphin/錄製_2019_11_24_16_10_26_600.mp4,31410,844,1053,859,1075,6,378.4281476,24.21109638,4,100
D:/ETP trial survey/Jason's Computer/20191124/20191124_1_BigSchoolDolphin/錄製_2019_11_24_16_10_26_600.mp4,29100,639,1558,651,1566,10,24.67831184,1.571623432,1,101
D:/ETP trial survey/Jason's Computer/20191128/20191128_5/錄製_2019_11_28_11_02_40_268.mp4,25880,444,1707,457,1723,10,0,0,3,102
D:/ETP trial survey/Jason's Computer/20191128/20191128_6/錄製_2019_11_28_12_05_07_124.mp4,32104,667,1766,680,1786,10,402.0530852,25.32201714,4,103
D:/ETP trial survey/Jason's Computer/20191128/20191128_6/錄製_2019_11_28_12_05_07_124.mp4,21236,53,821,64,836,10,86.31294246,6.097204817,5,104
D:/ETP trial survey/Jason's Computer/20191129/20191129_4/錄製_2019_11_29_13_07_47_434.mp4,58374,373,1249,388,1260,10,99.12738607,6.063788818,5,105
D:/ETP trial survey/Jason's Computer/20191129/20191129_6/錄製_2019_11_29_16_14_59_189.mp4,23535,751,1189,764,1225,10,490.4707818,30.53663516,4,106
D:/ETP trial survey/Jason's Computer/20191120/20191120_3_100m_30km_Whales/錄製_2019_11_20_10_13_54_900.mp4,44323,560,951,574,964,10,164.3025307,10.35986411,2,107
D:/ETP trial survey/Jason's Computer/20191124/20191124_1_BigSchoolDolphin/錄製_2019_11_24_16_10_26_600.mp4,34138,608,1667,616,1688,10,109.8721694,5.933334761,5,108
D:/ETP trial survey/Jason's Computer/20191123/20191123_4_BigschoolDolphin/錄製_2019_11_23_16_16_02_506.mp4,23778,293,1070,310,1078,2,0,0,3,109
D:/ETP trial survey/Jason's Computer/20191129/20191129_6/錄製_2019_11_29_16_14_59_189.mp4,33494,429,1354,453,1363,10,0,0,3,110
D:/ETP trial survey/Jason's Computer/20191120/20191120_3_100m_30km_Whales/錄製_2019_11_20_10_13_54_900.mp4,44898,643,1722,649,1738,10,182.4749926,11.50570303,2,111
D:/ETP trial survey/Jason's Computer/20191129/20191129_4/錄製_2019_11_29_13_07_47_434.mp4,58627,130,905,141,911,10,0,0,3,112
D:/ETP trial survey/Jason's Computer/20191121/20191121_1/錄製_2019_11_21_07_25_55_214.mp4,45630,690,1063,702,1068,10,205.3939447,12.7313524,2,113
D:/ETP trial survey/Jason's Computer/20191128/20191128_6/錄製_2019_11_28_12_05_07_124.mp4,17102,728,277,739,285,10,13.91896989,0.887064574,1,114
D:/ETP trial survey/Jason's Computer/20191128/20191128_6/錄製_2019_11_28_12_05_07_124.mp4,39072,473,15,508,50,6,928.2590809,23.79719257,4,115
D:/ETP trial survey/Jason's Computer/20191120/20191120_3_100m_30km_Whales/錄製_2019_11_20_10_13_54_900.mp4,45404,862,1914,867,1928,10,195.8261104,12.34753892,2,116
D:/ETP trial survey/Jason's Computer/20191129/20191129_6/錄製_2019_11_29_16_14_59_189.mp4,29538,225,1481,236,1519,10,0,0,3,117
D:/ETP trial survey/Jason's Computer/20191123/20191123_4_BigschoolDolphin/錄製_2019_11_23_16_16_02_506.mp4,36876,583,3,590,19,0,0,0,3,118
D:/ETP trial survey/Jason's Computer/20191124/20191124_1_BigSchoolDolphin/錄製_2019_11_24_16_10_26_600.mp4,33038,114,1934,139,1973,6,423.7816024,22.75714733,4,119
D:/ETP trial survey/Jason's Computer/20191124/20191124_1_BigSchoolDolphin/錄製_2019_11_24_16_10_26_600.mp4,36536,718,1459,734,1467,10,276.3417485,14.85848771,2,120
D:/ETP trial survey/Jason's Computer/20191129/20191129_1/錄製_2019_11_29_08_23_34_390.mp4,15091,753,463,760,472,10,313.4405925,20.07921262,4,121
D:/ETP trial survey/Jason's Computer/20191124/20191124_1_BigSchoolDolphin/錄製_2019_11_24_16_10_26_600.mp4,27780,293,50,300,59,10,254.6800316,8.394541139,2,122
D:/ETP trial survey/Jason's Computer/20191120/20191120_3_100m_30km_Whales/錄製_2019_11_20_10_13_54_900.mp4,44277,233,568,243,583,5,21.93847196,1.035507951,1,123
D:/ETP trial survey/Jason's Computer/20191123/20191123_4_BigschoolDolphin/錄製_2019_11_23_16_16_02_506.mp4,28528,550,1505,565,1512,0,333.6319371,24.32976333,4,124
D:/ETP trial survey/Jason's Computer/20191129/20191129_4/錄製_2019_11_29_13_07_47_434.mp4,58236,473,1285,492,1299,5,99.94814846,6.125078243,5,125
D:/ETP trial survey/Jason's Computer/20191128/20191128_5/錄製_2019_11_28_11_02_40_268.mp4,2276,646,320,657,339,10,328.3180061,17.59776606,2,126
D:/ETP trial survey/Jason's Computer/20191128/20191128_3_Dolphin/錄製_2019_11_28_09_42_38_725.mp4,44344,454,399,461,411,10,19.2158508,1.440937254,1,127
D:/ETP trial survey/Jason's Computer/20191128/20191128_5/錄製_2019_11_28_11_02_40_268.mp4,21876,429,1774,447,1798,10,105.9127297,7.887749318,2,128
D:/ETP trial survey/Jason's Computer/20191124/20191124_1_BigSchoolDolphin/錄製_2019_11_24_16_10_26_600.mp4,36646,723,291,744,300,10,324.4315139,17.43834175,2,129
D:/ETP trial survey/Jason's Computer/20191120/20191120_3_100m_30km_Whales/錄製_2019_11_20_10_13_54_900.mp4,43932,317,943,338,965,6,317.8101808,20.03907225,4,130
D:/ETP trial survey/Jason's Computer/20191128/20191128_5/錄製_2019_11_28_11_02_40_268.mp4,34728,838,1761,848,1779,10,102.5422782,6.457825268,5,131
D:/ETP trial survey/Jason's Computer/20191128/20191128_3_Dolphin/錄製_2019_11_28_09_42_38_725.mp4,40504,85,1096,91,1113,0,0,0,3,132
D:/ETP trial survey/Jason's Computer/20191128/20191128_5/錄製_2019_11_28_11_02_40_268.mp4,22016,400,1709,410,1720,10,0,0,3,133
D:/ETP trial survey/Jason's Computer/20191128/20191128_6/錄製_2019_11_28_12_05_07_124.mp4,17622,681,789,720,840,10,214.6630586,13.6839886,2,134
D:/ETP trial survey/Jason's Computer/20191128/20191128_6/錄製_2019_11_28_12_05_07_124.mp4,40840,559,1968,577,1981,10,0,0,3,135
D:/ETP trial survey/Jason's Computer/20191120/20191120_3_100m_30km_Whales/錄製_2019_11_20_10_13_54_900.mp4,44530,609,1477,615,1501,10,537.8680792,33.91451235,4,136
D:/ETP trial survey/Jason's Computer/20191128/20191128_3_Dolphin/錄製_2019_11_28_09_42_38_725.mp4,43696,575,677,583,686,6,201.88422,15.21890005,2,137
D:/ETP trial survey/Jason's Computer/20191129/20191129_1/錄製_2019_11_29_08_23_34_390.mp4,14805,613,318,625,329,10,325.9154179,20.82774787,4,138
D:/ETP trial survey/Jason's Computer/20191129/20191129_6/錄製_2019_11_29_16_14_59_189.mp4,26732,864,922,872,931,10,501.6586176,30.83650018,4,139
D:/ETP trial survey/Jason's Computer/20191129/20191129_4/錄製_2019_11_29_13_07_47_434.mp4,58742,370,1318,380,1325,5,365.3482616,11.379154,2,140
D:/ETP trial survey/Jason's Computer/20191128/20191128_5/錄製_2019_11_28_11_02_40_268.mp4,30724,701,1973,727,1990,10,276.7443454,17.32256937,2,141
D:/ETP trial survey/Jason's Computer/20191120/20191120_3_100m_30km_Whales/錄製_2019_11_20_10_13_54_900.mp4,42828,739,1620,745,1628,10,107.5639575,6.782293477,5,142
D:/ETP trial survey/Jason's Computer/20191129/20191129_6/錄製_2019_11_29_16_14_59_189.mp4,29676,631,1617,646,1640,10,0,0,3,143
D:/ETP trial survey/Jason's Computer/20191128/20191128_3_Dolphin/錄製_2019_11_28_09_42_38_725.mp4,47128,42,472,47,480,10,28.2325558,2.103160534,1,144
D:/ETP trial survey/Jason's Computer/20191124/20191124_1_BigSchoolDolphin/錄製_2019_11_24_16_10_26_600.mp4,37086,724,208,741,216,10,0,0,3,145
D:/ETP trial survey/Jason's Computer/20191123/20191123_4_BigschoolDolphin/錄製_2019_11_23_16_16_02_506.mp4,36026,319,1781,346,1789,10,120.6763378,9.130492262,2,146
D:/ETP trial survey/Jason's Computer/20191124/20191124_1_BigSchoolDolphin/錄製_2019_11_24_16_10_26_600.mp4,33412,640,1589,650,1597,0,158.2103808,8.495238275,2,147
D:/ETP trial survey/Jason's Computer/20191129/20191129_6/錄製_2019_11_29_16_14_59_189.mp4,29308,723,787,742,820,10,442.3739232,27.16307369,4,148
D:/ETP trial survey/Jason's Computer/20191128/20191128_6/錄製_2019_11_28_12_05_07_124.mp4,29504,400,1693,410,1697,0,0,0,3,149
D:/ETP trial survey/Jason's Computer/20191123/20191123_4_BigschoolDolphin/錄製_2019_11_23_16_16_02_506.mp4,25503,398,976,413,989,0,0,0,3,150
D:/ETP trial survey/Jason's Computer/20191123/20191123_4_BigschoolDolphin/錄製_2019_11_23_16_16_02_506.mp4,20403,374,875,394,881,0,0,0,3,151
D:/ETP trial survey/Jason's Computer/20191124/20191124_1_BigSchoolDolphin/錄製_2019_11_24_16_10_26_600.mp4,35018,400,1941,413,1964,10,0,0,3,152
D:/ETP trial survey/Jason's Computer/20191129/20191129_6/錄製_2019_11_29_16_14_59_189.mp4,30872,293,1923,304,1931,10,0,0,3,153
D:/ETP trial survey/Jason's Computer/20191124/20191124_1_BigSchoolDolphin/錄製_2019_11_24_16_10_26_600.mp4,34226,511,1848,530,1868,10,78.55689193,4.233773759,5,154
D:/ETP trial survey/Jason's Computer/20191128/20191128_6/錄製_2019_11_28_12_05_07_124.mp4,32156,354,1891,362,1909,10,323.8820254,20.43366211,4,155
D:/ETP trial survey/Jason's Computer/20191129/20191129_6/錄製_2019_11_29_16_14_59_189.mp4,27031,888,1253,898,1270,10,352.3430068,21.70892013,4,156
D:/ETP trial survey/Jason's Computer/20191129/20191129_4/錄製_2019_11_29_13_07_47_434.mp4,58558,25,1358,51,1372,5,226.9556585,13.92516954,2,157
D:/ETP trial survey/Jason's Computer/20191120/20191120_3_100m_30km_Whales/錄製_2019_11_20_10_13_54_900.mp4,45289,670,1552,684,1572,10,87.20759342,5.49875168,5,158
D:/ETP trial survey/Jason's Computer/20191123/20191123_4_BigschoolDolphin/錄製_2019_11_23_16_16_02_506.mp4,24103,474,893,485,908,0,0,0,3,159
D:/ETP trial survey/Jason's Computer/20191129/20191129_1/錄製_2019_11_29_08_23_34_390.mp4,14893,706,465,717,477,10,0,0,3,160
D:/ETP trial survey/Jason's Computer/20191123/20191123_4_BigschoolDolphin/錄製_2019_11_23_16_16_02_506.mp4,32503,528,1251,538,1259,0,0,0,3,161
D:/ETP trial survey/Jason's Computer/20191129/20191129_4/錄製_2019_11_29_13_07_47_434.mp4,58512,694,1644,699,1659,10,240.2649605,7.399861482,2,162
D:/ETP trial survey/Jason's Computer/20191128/20191128_3_Dolphin/錄製_2019_11_28_09_42_38_725.mp4,39112,592,965,598,977,10,295.3794379,18.76044813,4,163
D:/ETP trial survey/Jason's Computer/20191128/20191128_7/錄製_2019_11_28_12_59_28_589.mp4,71773,869,305,876,315,10,499.3501107,25.4608982,4,164
D:/ETP trial survey/Jason's Computer/20191128/20191128_1/錄製_2019_11_28_07_43_03_380.mp4,48158,472,828,490,840,10,0,0,3,165
D:/ETP trial survey/Jason's Computer/20191124/20191124_1_BigSchoolDolphin/錄製_2019_11_24_16_10_26_600.mp4,31322,794,924,813,963,6,197.9434641,10.64320946,2,166
D:/ETP trial survey/Jason's Computer/20191129/20191129_6/錄製_2019_11_29_16_14_59_189.mp4,23788,766,1407,774,1419,10,373.2806562,23.14301577,4,167
D:/ETP trial survey/Jason's Computer/20191129/20191129_6/錄製_2019_11_29_16_14_59_189.mp4,26134,836,1188,845,1211,10,363.0311873,22.37298014,4,168
D:/ETP trial survey/Jason's Computer/20191120/20191120_3_100m_30km_Whales/錄製_2019_11_20_10_13_54_900.mp4,44921,876,1747,882,1759,10,89.51232025,5.644072976,5,169
D:/ETP trial survey/Jason's Computer/20191123/20191123_4_BigschoolDolphin/錄製_2019_11_23_16_16_02_506.mp4,27428,713,1416,733,1421,6,98.53764793,6.882067474,5,170
D:/ETP trial survey/Jason's Computer/20191120/20191120_3_100m_30km_Whales/錄製_2019_11_20_10_13_54_900.mp4,42782,649,1703,654,1719,10,305.3282009,19.25203863,4,171
D:/ETP trial survey/Jason's Computer/20191128/20191128_5/錄製_2019_11_28_11_02_40_268.mp4,27168,824,1905,841,1920,10,678.837733,49.56765114,4,172
D:/ETP trial survey/Jason's Computer/20191128/20191128_3_Dolphin/錄製_2019_11_28_09_42_38_725.mp4,39856,128,760,134,775,6,0,0,3,173
D:/ETP trial survey/Jason's Computer/20191128/20191128_7/錄製_2019_11_28_12_59_28_589.mp4,60937,753,1265,759,1272,10,0,0,3,174
D:/ETP trial survey/Jason's Computer/20191129/20191129_1/錄製_2019_11_29_08_23_34_390.mp4,14299,641,599,664,610,10,138.8091045,8.884273774,2,175
D:/ETP trial survey/Jason's Computer/20191128/20191128_6/錄製_2019_11_28_12_05_07_124.mp4,39982,458,1787,474,1801,10,458.5222659,14.41682029,2,176
D:/ETP trial survey/Jason's Computer/20191128/20191128_7/錄製_2019_11_28_12_59_28_589.mp4,71129,217,1945,228,1960,10,0,0,3,177
D:/ETP trial survey/Jason's Computer/20191120/20191120_3_100m_30km_Whales/錄製_2019_11_20_10_13_54_900.mp4,44162,456,772,465,780,10,422.3983372,26.63373079,4,178
D:/ETP trial survey/Jason's Computer/20191128/20191128_3_Dolphin/錄製_2019_11_28_09_42_38_725.mp4,40648,482,1313,486,1325,0,0,0,3,179
D:/ETP trial survey/Jason's Computer/20191129/20191129_6/錄製_2019_11_29_16_14_59_189.mp4,26778,482,1613,489,1619,10,0,0,3,180
D:/ETP trial survey/Jason's Computer/20191124/20191124_1_BigSchoolDolphin/錄製_2019_11_24_16_10_26_600.mp4,33280,760,1349,772,1355,0,243.2570089,13.03957683,2,181
D:/ETP trial survey/Jason's Computer/20191129/20191129_6/錄製_2019_11_29_16_14_59_189.mp4,27560,545,1215,559,1237,10,90.42413573,5.586313261,5,182
D:/ETP trial survey/Jason's Computer/20191123/20191123_4_BigschoolDolphin/錄製_2019_11_23_16_16_02_506.mp4,24753,140,712,146,726,0,0,0,3,183
D:/ETP trial survey/Jason's Computer/20191128/20191128_5/錄製_2019_11_28_11_02_40_268.mp4,17424,352,1829,364,1849,10,0,0,3,184
D:/ETP trial survey/Jason's Computer/20191120/20191120_3_100m_30km_Whales/錄製_2019_11_20_10_13_54_900.mp4,42828,680,1879,685,1888,10,302.5929022,19.07956824,4,185
D:/ETP trial survey/Jason's Computer/20191129/20191129_6/錄製_2019_11_29_16_14_59_189.mp4,25651,504,1393,515,1407,10,0,0,3,186
D:/ETP trial survey/Jason's Computer/20191124/20191124_1_BigSchoolDolphin/錄製_2019_11_24_16_10_26_600.mp4,27846,229,1062,253,1086,10,99.25327436,6.350082966,5,187
D:/ETP trial survey/Jason's Computer/20191124/20191124_1_BigSchoolDolphin/錄製_2019_11_24_16_10_26_600.mp4,33676,690,1137,714,1160,0,216.3117441,11.64692066,2,188
D:/ETP trial survey/Jason's Computer/20191124/20191124_1_BigSchoolDolphin/錄製_2019_11_24_16_10_26_600.mp4,32158,91,1859,105,1872,10,1.579857898,0.094149848,3,189
D:/ETP trial survey/Jason's Computer/20191128/20191128_5/錄製_2019_11_28_11_02_40_268.mp4,1436,629,155,639,169,10,202.521181,10.76531294,2,190
D:/ETP trial survey/Jason's Computer/20191129/20191129_6/錄製_2019_11_29_16_14_59_189.mp4,27123,682,1217,698,1251,10,143.1821164,8.815659082,2,191
D:/ETP trial survey/Jason's Computer/20191124/20191124_1_BigSchoolDolphin/錄製_2019_11_24_16_10_26_600.mp4,30046,710,1157,715,1168,10,280.5974889,17.84797032,2,192
D:/ETP trial survey/Jason's Computer/20191123/20191123_4_BigschoolDolphin/錄製_2019_11_23_16_16_02_506.mp4,28653,179,1423,186,1429,0,0,0,3,193
D:/ETP trial survey/Jason's Computer/20191124/20191124_1_BigSchoolDolphin/錄製_2019_11_24_16_10_26_600.mp4,36778,727,1534,737,1541,10,0,0,3,194
D:/ETP trial survey/Jason's Computer/20191129/20191129_6/錄製_2019_11_29_16_14_59_189.mp4,23788,242,1217,253,1231,10,0,0,3,195
D:/ETP trial survey/Jason's Computer/20191124/20191124_1_BigSchoolDolphin/錄製_2019_11_24_16_10_26_600.mp4,35392,447,1845,454,1854,10,292.3081639,15.76070363,2,196
D:/ETP trial survey/Jason's Computer/20191120/20191120_4/錄製_2019_11_20_11_12_52_295.mp4,21433,708,1837,718,1850,10,330.3152517,20.60068679,4,197
D:/ETP trial survey/Jason's Computer/20191128/20191128_6/錄製_2019_11_28_12_05_07_124.mp4,23264,263,464,274,485,10,288.1818558,21.18031728,4,198
D:/ETP trial survey/Jason's Computer/20191128/20191128_3_Dolphin/錄製_2019_11_28_09_42_38_725.mp4,38488,773,1409,785,1422,10,0,0,3,199
D:/ETP trial survey/Jason's Computer/20191128/20191128_7/錄製_2019_11_28_12_59_28_589.mp4,48253,718,1317,731,1326,10,0,0,3,200
D:/ETP trial survey/Jason's Computer/20191124/20191124_1_BigSchoolDolphin/錄製_2019_11_24_16_10_26_600.mp4,35656,703,1358,722,1371,0,0,0,3,201
D:/ETP trial survey/Jason's Computer/20191129/20191129_6/錄製_2019_11_29_16_14_59_189.mp4,26755,298,1850,318,1880,10,269.5852956,16.56802982,2,202
D:/ETP trial survey/Jason's Computer/20191120/20191120_3_100m_30km_Whales/錄製_2019_11_20_10_13_54_900.mp4,44369,257,448,264,458,5,193.0913422,12.17510197,2,203
D:/ETP trial survey/Jason's Computer/20191128/20191128_6/錄製_2019_11_28_12_05_07_124.mp4,18636,635,1201,643,1217,10,0,0,3,204
D:/ETP trial survey/Jason's Computer/20191129/20191129_6/錄製_2019_11_29_16_14_59_189.mp4,32114,420,1181,432,1200,10,473.8931425,29.36755183,4,205
D:/ETP trial survey/Jason's Computer/20191129/20191129_6/錄製_2019_11_29_16_14_59_189.mp4,27652,185,969,199,998,10,0,0,3,206
D:/ETP trial survey/Jason's Computer/20191128/20191128_3_Dolphin/錄製_2019_11_28_09_42_38_725.mp4,46048,440,1193,444,1205,0,0,0,3,207
D:/ETP trial survey/Jason's Computer/20191129/20191129_4/錄製_2019_11_29_13_07_47_434.mp4,58765,823,1535,836,1555,10,283.253876,17.4929427,2,208
D:/ETP trial survey/Jason's Computer/20191128/20191128_3_Dolphin/錄製_2019_11_28_09_42_38_725.mp4,50200,643,661,650,665,5,406.8356027,30.17987282,4,209
D:/ETP trial survey/Jason's Computer/20191129/20191129_1/錄製_2019_11_29_08_23_34_390.mp4,13463,573,602,596,624,10,0,0,3,210
D:/ETP trial survey/Jason's Computer/20191120/20191120_3_100m_30km_Whales/錄製_2019_11_20_10_13_54_900.mp4,45105,340,1276,350,1282,10,387.1609673,24.41188818,4,211
D:/ETP trial survey/Jason's Computer/20191128/20191128_3_Dolphin/錄製_2019_11_28_09_42_38_725.mp4,43720,540,809,554,824,6,0,0,3,212
D:/ETP trial survey/Jason's Computer/20191120/20191120_3_100m_30km_Whales/錄製_2019_11_20_10_13_54_900.mp4,45289,554,1405,567,1424,10,368.4455057,23.23181118,4,213
D:/ETP trial survey/Jason's Computer/20191129/20191129_6/錄製_2019_11_29_16_14_59_189.mp4,27767,509,1501,525,1560,10,316.3066918,19.53001478,4,214
D:/ETP trial survey/Jason's Computer/20191128/20191128_5/錄製_2019_11_28_11_02_40_268.mp4,34812,170,1261,196,1272,0,0,0,3,215
D:/ETP trial survey/Jason's Computer/20191120/20191120_3_100m_30km_Whales/錄製_2019_11_20_10_13_54_900.mp4,43173,889,1582,899,1605,10,217.6669769,13.72468392,2,216
D:/ETP trial survey/Jason's Computer/20191128/20191128_6/錄製_2019_11_28_12_05_07_124.mp4,38318,467,1553,477,1561,10,241.2664006,15.27279323,2,217
D:/ETP trial survey/Jason's Computer/20191129/20191129_1/錄製_2019_11_29_08_23_34_390.mp4,14167,456,1385,465,1399,10,0,0,3,218
D:/ETP trial survey/Jason's Computer/20191124/20191124_1_BigSchoolDolphin/錄製_2019_11_24_16_10_26_600.mp4,29034,743,953,755,960,6,117.3845516,7.474515345,2,219
D:/ETP trial survey/Jason's Computer/20191120/20191120_3_100m_30km_Whales/錄製_2019_11_20_10_13_54_900.mp4,43978,855,888,865,896,10,93.68711866,5.907308996,5,220
D:/ETP trial survey/Jason's Computer/20191128/20191128_3_Dolphin/錄製_2019_11_28_09_42_38_725.mp4,39424,401,372,406,382,10,287.1066017,18.15292951,2,221
D:/ETP trial survey/Jason's Computer/20191128/20191128_7/錄製_2019_11_28_12_59_28_589.mp4,51473,529,1007,536,1022,0,0,0,3,222
D:/ETP trial survey/Jason's Computer/20191128/20191128_6/錄製_2019_11_28_12_05_07_124.mp4,18350,756,1289,773,1296,10,241.607022,4.047926921,5,223
D:/ETP trial survey/Jason's Computer/20191120/20191120_3_100m_30km_Whales/錄製_2019_11_20_10_13_54_900.mp4,43955,16,431,23,449,10,0,0,3,224
D:/ETP trial survey/Jason's Computer/20191120/20191120_3_100m_30km_Whales/錄製_2019_11_20_10_13_54_900.mp4,43012,562,964,568,973,5,0,0,3,225
D:/ETP trial survey/Jason's Computer/20191129/20191129_1/錄製_2019_11_29_08_23_34_390.mp4,14563,79,499,118,528,10,424.4910258,27.16694122,4,226
D:/ETP trial survey/Jason's Computer/20191124/20191124_1_BigSchoolDolphin/錄製_2019_11_24_16_10_26_600.mp4,34446,690,1390,707,1401,0,72.5146636,3.905442098,5,227
D:/ETP trial survey/Jason's Computer/20191124/20191124_1_BigSchoolDolphin/錄製_2019_11_24_16_10_26_600.mp4,33676,450,1766,464,1780,10,84.78506128,4.565100642,5,228
D:/ETP trial survey/Jason's Computer/20191129/20191129_6/錄製_2019_11_29_16_14_59_189.mp4,30481,390,1677,397,1685,10,323.6148121,19.90569283,4,229
D:/ETP trial survey/Jason's Computer/20191129/20191129_6/錄製_2019_11_29_16_14_59_189.mp4,33609,121,1122,140,1135,10,0,0,3,230
D:/ETP trial survey/Jason's Computer/20191128/20191128_7/錄製_2019_11_28_12_59_28_589.mp4,51333,530,800,543,829,0,0,0,3,231
D:/ETP trial survey/Jason's Computer/20191129/20191129_6/錄製_2019_11_29_16_14_59_189.mp4,30343,242,669,257,723,10,116.3844658,7.162614654,5,232
D:/ETP trial survey/Jason's Computer/20191128/20191128_3_Dolphin/錄製_2019_11_28_09_42_38_725.mp4,43120,341,438,348,446,6,0,0,3,233
D:/ETP trial survey/Jason's Computer/20191128/20191128_6/錄製_2019_11_28_12_05_07_124.mp4,21938,632,993,640,998,0,0,0,3,234
D:/ETP trial survey/Jason's Computer/20191123/20191123_4_BigschoolDolphin/錄製_2019_11_23_16_16_02_506.mp4,26528,376,1360,393,1369,6,0,0,3,235
D:/ETP trial survey/Jason's Computer/20191124/20191124_1_BigSchoolDolphin/錄製_2019_11_24_16_10_26_600.mp4,35128,719,1441,728,1449,10,0,0,3,236
D:/ETP trial survey/Jason's Computer/20191121/20191121_1/錄製_2019_11_21_07_25_55_214.mp4,57060,798,977,810,1001,10,180.2682225,5.743414867,5,237
D:/ETP trial survey/Jason's Computer/20191129/20191129_6/錄製_2019_11_29_16_14_59_189.mp4,25444,59,1604,76,1648,10,0,0,3,238
D:/ETP trial survey/Jason's Computer/20191124/20191124_1_BigSchoolDolphin/錄製_2019_11_24_16_10_26_600.mp4,34160,776,1648,790,1662,10,75.91499639,4.097257983,5,239
D:/ETP trial survey/Jason's Computer/20191120/20191120_3_100m_30km_Whales/錄製_2019_11_20_10_13_54_900.mp4,43518,761,1669,771,1693,10,235.5644762,14.85318546,2,240
D:/ETP trial survey/Jason's Computer/20191123/20191123_4_BigschoolDolphin/錄製_2019_11_23_16_16_02_506.mp4,32678,82,1384,93,1393,0,0,0,3,241
D:/ETP trial survey/Jason's Computer/20191129/20191129_6/錄製_2019_11_29_16_14_59_189.mp4,34506,739,948,753,960,10,339.4311971,21.08767459,4,242
D:/ETP trial survey/Jason's Computer/20191123/20191123_4_BigschoolDolphin/錄製_2019_11_23_16_16_02_506.mp4,31453,846,1328,856,1333,6,0,0,3,243
D:/ETP trial survey/Jason's Computer/20191129/20191129_4/錄製_2019_11_29_13_07_47_434.mp4,58420,853,1241,867,1249,10,440.054979,26.92331147,4,244
D:/ETP trial survey/Jason's Computer/20191123/20191123_4_BigschoolDolphin/錄製_2019_11_23_16_16_02_506.mp4,28678,864,1488,870,1493,10,0,0,3,245
D:/ETP trial survey/Jason's Computer/20191129/20191129_6/錄製_2019_11_29_16_14_59_189.mp4,34437,624,1241,646,1257,10,0,0,3,246
D:/ETP trial survey/Jason's Computer/20191129/20191129_4/錄製_2019_11_29_13_07_47_434.mp4,58489,482,703,504,719,10,165.8090773,5.101939175,5,247
D:/ETP trial survey/Jason's Computer/20191128/20191128_7/錄製_2019_11_28_12_59_28_589.mp4,48057,495,1966,499,1973,10,0,0,3,248
D:/ETP trial survey/Jason's Computer/20191128/20191128_6/錄製_2019_11_28_12_05_07_124.mp4,38552,652,1341,660,1358,10,0,0,3,249
D:/ETP trial survey/Jason's Computer/20191124/20191124_1_BigSchoolDolphin/錄製_2019_11_24_16_10_26_600.mp4,29012,625,920,632,934,10,260.583192,16.60035558,2,250
D:/ETP trial survey/Jason's Computer/20191128/20191128_5/錄製_2019_11_28_11_02_40_268.mp4,13196,848,1939,855,1952,10,76.80247884,5.725684178,5,251
D:/ETP trial survey/Jason's Computer/20191120/20191120_3_100m_30km_Whales/錄製_2019_11_20_10_13_54_900.mp4,45519,562,964,572,973,10,75.28250327,4.746831957,5,252
D:/ETP trial survey/Jason's Computer/20191123/20191123_4_BigschoolDolphin/錄製_2019_11_23_16_16_02_506.mp4,33728,634,1537,649,1545,10,330.6335951,25.08456888,4,253
D:/ETP trial survey/Jason's Computer/20191124/20191124_1_BigSchoolDolphin/錄製_2019_11_24_16_10_26_600.mp4,34864,726,1016,753,1033,10,346.5183941,18.71100213,4,254
D:/ETP trial survey/Jason's Computer/20191128/20191128_3_Dolphin/錄製_2019_11_28_09_42_38_725.mp4,50152,519,1619,525,1632,5,359.211917,26.65279342,4,255
D:/ETP trial survey/Jason's Computer/20191129/20191129_6/錄製_2019_11_29_16_14_59_189.mp4,28227,887,1419,894,1433,10,0,0,3,256
D:/ETP trial survey/Jason's Computer/20191129/20191129_6/錄製_2019_11_29_16_14_59_189.mp4,33540,183,1020,201,1036,10,487.5295927,30.19629836,4,257
D:/ETP trial survey/Jason's Computer/20191120/20191120_3_100m_30km_Whales/錄製_2019_11_20_10_13_54_900.mp4,44507,16,1045,26,1063,5,42.38123043,2.672288649,5,258
D:/ETP trial survey/Jason's Computer/20191124/20191124_1_BigSchoolDolphin/錄製_2019_11_24_16_10_26_600.mp4,31410,344,574,359,582,10,300.8442594,19.2474302,4,259
D:/ETP trial survey/Jason's Computer/20191124/20191124_1_BigSchoolDolphin/錄製_2019_11_24_16_10_26_600.mp4,34226,621,1304,644,1329,0,171.6228214,9.249502872,2,260
D:/ETP trial survey/Jason's Computer/20191129/20191129_6/錄製_2019_11_29_16_14_59_189.mp4,27192,573,1275,581,1295,10,421.1772946,25.91133478,4,261
D:/ETP trial survey/Jason's Computer/20191128/20191128_7/錄製_2019_11_28_12_59_28_589.mp4,68917,0,1753,8,1777,10,0,0,3,262
D:/ETP trial survey/Jason's Computer/20191129/20191129_6/錄製_2019_11_29_16_14_59_189.mp4,34000,864,1702,877,1711,10,0,0,3,263
D:/ETP trial survey/Jason's Computer/20191128/20191128_3_Dolphin/錄製_2019_11_28_09_42_38_725.mp4,39640,145,520,150,534,10,0,0,3,264
D:/ETP trial survey/Jason's Computer/20191128/20191128_6/錄製_2019_11_28_12_05_07_124.mp4,20560,6,783,17,801,10,0,0,3,265
D:/ETP trial survey/Jason's Computer/20191129/20191129_6/錄製_2019_11_29_16_14_59_189.mp4,23949,412,1001,422,1023,10,0,0,3,266
D:/ETP trial survey/Jason's Computer/20191128/20191128_6/錄製_2019_11_28_12_05_07_124.mp4,38890,485,373,492,381,10,331.7393344,5.374752419,5,267
D:/ETP trial survey/Jason's Computer/20191123/20191123_4_BigschoolDolphin/錄製_2019_11_23_16_16_02_506.mp4,32228,262,1321,269,1331,0,0,0,3,268
D:/ETP trial survey/Jason's Computer/20191123/20191123_4_BigschoolDolphin/錄製_2019_11_23_16_16_02_506.mp4,36376,600,297,606,312,0,0,0,3,269
D:/ETP trial survey/Jason's Computer/20191129/20191129_6/錄製_2019_11_29_16_14_59_189.mp4,29814,497,1172,514,1191,10,335.124293,20.68812154,4,270
D:/ETP trial survey/Jason's Computer/20191129/20191129_6/錄製_2019_11_29_16_14_59_189.mp4,28273,872,1589,879,1597,10,0,0,3,271
D:/ETP trial survey/Jason's Computer/20191124/20191124_1_BigSchoolDolphin/錄製_2019_11_24_16_10_26_600.mp4,36250,677,999,688,1022,6,0,0,3,272
D:/ETP trial survey/Jason's Computer/20191129/20191129_6/錄製_2019_11_29_16_14_59_189.mp4,25145,133,635,142,647,10,0,0,3,273
D:/ETP trial survey/Jason's Computer/20191121/20191121_1/錄製_2019_11_21_07_25_55_214.mp4,45570,210,300,221,305,10,145.7216582,9.027323017,2,274
D:/ETP trial survey/Jason's Computer/20191128/20191128_5/錄製_2019_11_28_11_02_40_268.mp4,32516,147,1621,157,1632,10,150.2940436,9.486459042,2,275
D:/ETP trial survey/Jason's Computer/20191120/20191120_3_100m_30km_Whales/錄製_2019_11_20_10_13_54_900.mp4,44185,218,416,222,434,10,26.04167651,1.642021145,1,276
D:/ETP trial survey/Jason's Computer/20191129/20191129_6/錄製_2019_11_29_16_14_59_189.mp4,34230,845,719,852,726,10,0,0,3,277
D:/ETP trial survey/Jason's Computer/20191124/20191124_1_BigSchoolDolphin/錄製_2019_11_24_16_10_26_600.mp4,34226,450,1391,468,1412,10,115.5160371,6.225663398,5,278
D:/ETP trial survey/Jason's Computer/20191128/20191128_7/錄製_2019_11_28_12_59_28_589.mp4,46433,334,1275,349,1283,0,0,0,3,279
D:/ETP trial survey/Jason's Computer/20191128/20191128_5/錄製_2019_11_28_11_02_40_268.mp4,22296,556,1928,566,1941,10,54.19111717,4.03330013,5,280
D:/ETP trial survey/Jason's Computer/20191120/20191120_3_100m_30km_Whales/錄製_2019_11_20_10_13_54_900.mp4,43932,278,429,286,440,10,398.1476966,25.10464089,4,281
D:/ETP trial survey/Jason's Computer/20191123/20191123_4_BigschoolDolphin/錄製_2019_11_23_16_16_02_506.mp4,32903,755,1021,763,1033,0,0,0,3,282
D:/ETP trial survey/Jason's Computer/20191128/20191128_3_Dolphin/錄製_2019_11_28_09_42_38_725.mp4,50272,337,982,344,995,10,90.58371862,5.126814193,5,283
D:/ETP trial survey/Jason's Computer/20191128/20191128_3_Dolphin/錄製_2019_11_28_09_42_38_725.mp4,51712,766,1395,785,1406,6,544.7682055,40.54943011,4,284
D:/ETP trial survey/Jason's Computer/20191120/20191120_3_100m_30km_Whales/錄製_2019_11_20_10_13_54_900.mp4,43955,58,322,64,336,10,611.0273959,38.52746977,4,285
D:/ETP trial survey/Jason's Computer/20191128/20191128_3_Dolphin/錄製_2019_11_28_09_42_38_725.mp4,41992,455,883,462,896,0,0,0,3,286
D:/ETP trial survey/Jason's Computer/20191120/20191120_3_100m_30km_Whales/錄製_2019_11_20_10_13_54_900.mp4,45565,883,1857,894,1892,10,333.0559474,21.00037254,4,287
D:/ETP trial survey/Jason's Computer/20191129/20191129_6/錄製_2019_11_29_16_14_59_189.mp4,27031,620,1563,633,1585,10,342.6121572,21.10937301,4,288
D:/ETP trial survey/Jason's Computer/20191128/20191128_5/錄製_2019_11_28_11_02_40_268.mp4,32068,57,1403,70,1414,10,239.9090413,15.10757117,2,289
D:/ETP trial survey/Jason's Computer/20191120/20191120_3_100m_30km_Whales/錄製_2019_11_20_10_13_54_900.mp4,44208,370,667,387,688,10,112.4401759,7.089756542,5,290
D:/ETP trial survey/Jason's Computer/20191128/20191128_3_Dolphin/錄製_2019_11_28_09_42_38_725.mp4,43144,622,933,626,942,10,0,0,3,291
D:/ETP trial survey/Jason's Computer/20191123/20191123_4_BigschoolDolphin/錄製_2019_11_23_16_16_02_506.mp4,29578,77,1352,82,1361,0,0,0,3,292
D:/ETP trial survey/Jason's Computer/20191124/20191124_1_BigSchoolDolphin/錄製_2019_11_24_16_10_26_600.mp4,28726,609,1512,620,1517,10,361.4626757,22.99184972,4,293
D:/ETP trial survey/Jason's Computer/20191124/20191124_1_BigSchoolDolphin/錄製_2019_11_24_16_10_26_600.mp4,34776,784,1104,803,1120,10,65.79627127,3.553353371,5,294
D:/ETP trial survey/Jason's Computer/20191128/20191128_3_Dolphin/錄製_2019_11_28_09_42_38_725.mp4,43216,255,190,272,208,10,413.7461821,31.04728862,4,295
D:/ETP trial survey/Jason's Computer/20191123/20191123_4_BigschoolDolphin/錄製_2019_11_23_16_16_02_506.mp4,33503,678,889,683,902,0,0,0,3,296
D:/ETP trial survey/Jason's Computer/20191123/20191123_4_BigschoolDolphin/錄製_2019_11_23_16_16_02_506.mp4,27653,161,1331,172,1347,0,0,0,3,297
D:/ETP trial survey/Jason's Computer/20191128/20191128_3_Dolphin/錄製_2019_11_28_09_42_38_725.mp4,50752,482,1665,488,1677,10,264.2819142,19.61131406,4,298
D:/ETP trial survey/Jason's Computer/20191129/20191129_1/錄製_2019_11_29_08_23_34_390.mp4,14937,468,892,484,904,10,0,0,3,299
D:/ETP trial survey/Jason's Computer/20191129/20191129_6/錄製_2019_11_29_16_14_59_189.mp4,29446,153,1627,172,1651,10,817.8882656,50.20984716,4,300
D:/ETP trial survey/Jason's Computer/20191129/20191129_6/錄製_2019_11_29_16_14_59_189.mp4,34046,516,1334,524,1340,10,0,0,3,301
D:/ETP trial survey/Jason's Computer/20191128/20191128_3_Dolphin/錄製_2019_11_28_09_42_38_725.mp4,43312,409,686,416,691,10,0,0,3,302
D:/ETP trial survey/Jason's Computer/20191129/20191129_6/錄製_2019_11_29_16_14_59_189.mp4,26065,657,1323,664,1331,10,0,0,3,303
D:/ETP trial survey/Jason's Computer/20191120/20191120_3_100m_30km_Whales/錄製_2019_11_20_10_13_54_900.mp4,44369,168,524,174,535,5,73.1213199,4.61056159,5,304
D:/ETP trial survey/Jason's Computer/20191128/20191128_5/錄製_2019_11_28_11_02_40_268.mp4,29520,400,1942,406,1952,10,0,0,3,305
D:/ETP trial survey/Jason's Computer/20191128/20191128_3_Dolphin/錄製_2019_11_28_09_42_38_725.mp4,38992,224,334,235,361,10,226.9357547,14.41716031,2,306
D:/ETP trial survey/Jason's Computer/20191123/20191123_4_BigschoolDolphin/錄製_2019_11_23_16_16_02_506.mp4,26928,426,1424,436,1435,0,103.8110293,7.267071174,5,307
D:/ETP trial survey/Jason's Computer/20191124/20191124_1_BigSchoolDolphin/錄製_2019_11_24_16_10_26_600.mp4,28836,652,707,673,714,10,37.89078879,2.413549907,1,308
D:/ETP trial survey/Jason's Computer/20191128/20191128_3_Dolphin/錄製_2019_11_28_09_42_38_725.mp4,41296,871,614,880,623,10,333.1031966,25.00490146,4,309
D:/ETP trial survey/Jason's Computer/20191129/20191129_6/錄製_2019_11_29_16_14_59_189.mp4,31493,675,1305,694,1357,10,347.1320424,21.35499929,4,310
D:/ETP trial survey/Jason's Computer/20191128/20191128_5/錄製_2019_11_28_11_02_40_268.mp4,20980,459,1790,481,1800,10,0,0,3,311
D:/ETP trial survey/Jason's Computer/20191120/20191120_3_100m_30km_Whales/錄製_2019_11_20_10_13_54_900.mp4,43265,304,1452,310,1461,10,147.4055039,9.294445933,2,312
D:/ETP trial survey/Jason's Computer/20191129/20191129_6/錄製_2019_11_29_16_14_59_189.mp4,25973,298,821,314,862,10,0,0,3,313
D:/ETP trial survey/Jason's Computer/20191124/20191124_1_BigSchoolDolphin/錄製_2019_11_24_16_10_26_600.mp4,33346,221,1973,241,1989,10,318.4168609,17.09143204,2,314
D:/ETP trial survey/Jason's Computer/20191129/20191129_1/錄製_2019_11_29_08_23_34_390.mp4,15443,793,400,815,443,10,297.5085521,19.07147412,4,315
D:/ETP trial survey/Jason's Computer/20191124/20191124_1_BigSchoolDolphin/錄製_2019_11_24_16_10_26_600.mp4,35414,686,1758,697,1773,10,471.8152078,25.39384242,4,316
D:/ETP trial survey/Jason's Computer/20191120/20191120_3_100m_30km_Whales/錄製_2019_11_20_10_13_54_900.mp4,43794,112,188,117,199,10,165.0057291,10.40420329,2,317
D:/ETP trial survey/Jason's Computer/20191120/20191120_4/錄製_2019_11_20_11_12_52_295.mp4,14576,137,1080,144,1092,10,239.2372025,14.99628882,2,318
D:/ETP trial survey/Jason's Computer/20191129/20191129_6/錄製_2019_11_29_16_14_59_189.mp4,34667,281,895,298,903,10,0,0,3,319
D:/ETP trial survey/Jason's Computer/20191124/20191124_1_BigSchoolDolphin/錄製_2019_11_24_16_10_26_600.mp4,34358,761,1297,767,1310,10,342.3000994,18.42646696,2,320
D:/ETP trial survey/Jason's Computer/20191129/20191129_4/錄製_2019_11_29_13_07_47_434.mp4,58834,845,1959,869,1985,5,199.7444239,12.32812074,2,321
D:/ETP trial survey/Jason's Computer/20191124/20191124_1_BigSchoolDolphin/錄製_2019_11_24_16_10_26_600.mp4,32070,59,1928,70,1934,10,456.7606452,27.77558141,4,322
D:/ETP trial survey/Jason's Computer/20191128/20191128_3_Dolphin/錄製_2019_11_28_09_42_38_725.mp4,44392,511,565,518,581,10,0,0,3,323
D:/ETP trial survey/Jason's Computer/20191129/20191129_6/錄製_2019_11_29_16_14_59_189.mp4,24340,698,1329,711,1351,10,514.0650671,31.89967788,4,324
D:/ETP trial survey/Jason's Computer/20191128/20191128_3_Dolphin/錄製_2019_11_28_09_42_38_725.mp4,40360,314,452,322,462,10,0,0,3,325
D:/ETP trial survey/Jason's Computer/20191128/20191128_3_Dolphin/錄製_2019_11_28_09_42_38_725.mp4,43696,722,1091,728,1096,6,0,0,3,326
D:/ETP trial survey/Jason's Computer/20191124/20191124_1_BigSchoolDolphin/錄製_2019_11_24_16_10_26_600.mp4,34138,559,1502,569,1515,10,213.9799734,11.55538132,2,327
D:/ETP trial survey/Jason's Computer/20191128/20191128_7/錄製_2019_11_28_12_59_28_589.mp4,67937,0,1717,10,1734,10,0,0,3,328
D:/ETP trial survey/Jason's Computer/20191128/20191128_3_Dolphin/錄製_2019_11_28_09_42_38_725.mp4,39736,53,333,63,352,0,0,0,3,329
D:/ETP trial survey/Jason's Computer/20191123/20191123_4_BigschoolDolphin/錄製_2019_11_23_16_16_02_506.mp4,36926,779,359,785,373,0,0,0,3,330
D:/ETP trial survey/Jason's Computer/20191128/20191128_5/錄製_2019_11_28_11_02_40_268.mp4,35204,723,1960,728,1983,10,269.7044189,17.07500508,2,331
D:/ETP trial survey/Jason's Computer/20191123/20191123_4_BigschoolDolphin/錄製_2019_11_23_16_16_02_506.mp4,32778,638,1032,645,1038,0,0,0,3,332
D:/ETP trial survey/Jason's Computer/20191129/20191129_6/錄製_2019_11_29_16_14_59_189.mp4,34667,137,1055,151,1062,10,0,0,3,333
D:/ETP trial survey/Jason's Computer/20191128/20191128_6/錄製_2019_11_28_12_05_07_124.mp4,19052,313,1943,335,1990,10,200.9627558,12.69120164,2,334
D:/ETP trial survey/Jason's Computer/20191128/20191128_5/錄製_2019_11_28_11_02_40_268.mp4,20028,799,1942,841,1974,10,517.5172956,38.50852069,4,335
D:/ETP trial survey/Jason's Computer/20191124/20191124_1_BigSchoolDolphin/錄製_2019_11_24_16_10_26_600.mp4,36778,809,1891,820,1902,10,0,0,3,336
D:/ETP trial survey/Jason's Computer/20191128/20191128_3_Dolphin/錄製_2019_11_28_09_42_38_725.mp4,50680,701,1504,708,1516,10,0,0,3,337
D:/ETP trial survey/Jason's Computer/20191129/20191129_4/錄製_2019_11_29_13_07_47_434.mp4,58213,702,1346,709,1359,5,164.4580659,10.08188113,2,338
D:/ETP trial survey/Jason's Computer/20191128/20191128_3_Dolphin/錄製_2019_11_28_09_42_38_725.mp4,44224,392,540,396,550,10,0,0,3,339
D:/ETP trial survey/Jason's Computer/20191128/20191128_7/錄製_2019_11_28_12_59_28_589.mp4,64577,416,1013,431,1019,0,0,0,3,340
D:/ETP trial survey/Jason's Computer/20191128/20191128_6/錄製_2019_11_28_12_05_07_124.mp4,42244,772,1369,787,1390,10,0,0,3,341
D:/ETP trial survey/Jason's Computer/20191128/20191128_5/錄製_2019_11_28_11_02_40_268.mp4,22884,456,1597,465,1611,10,0,0,3,342
D:/ETP trial survey/Jason's Computer/20191128/20191128_7/錄製_2019_11_28_12_59_28_589.mp4,70905,81,1959,88,1973,10,0.544271276,0.028171925,3,343
D:/ETP trial survey/Jason's Computer/20191123/20191123_4_BigschoolDolphin/錄製_2019_11_23_16_16_02_506.mp4,25878,363,1206,371,1214,0,0,0,3,344
D:/ETP trial survey/Jason's Computer/20191129/20191129_6/錄製_2019_11_29_16_14_59_189.mp4,25260,174,1827,185,1843,10,0,0,3,345
D:/ETP trial survey/Jason's Computer/20191128/20191128_6/錄製_2019_11_28_12_05_07_124.mp4,44038,807,1883,821,1909,10,312.2795117,20.64706521,4,346
D:/ETP trial survey/Jason's Computer/20191128/20191128_9/錄製_2019_11_28_16_11_37_783.mp4,18229,276,336,289,342,10,0,0,3,347
D:/ETP trial survey/Jason's Computer/20191129/20191129_6/錄製_2019_11_29_16_14_59_189.mp4,24501,743,43,750,55,10,0,0,3,348
